code,floor,shortName
VFMVF1,HOSE,
ASIAGF,HOSE,
FUCVREIT,HOSE,Quỹ BĐS Techcom VN
VEOF,HOSE,Quỹ ETF VinaCapital VN100
VESAF,HOSE,Quỹ ETF VinaCapital VN100
PRUBF1,HOSE,
VFMVFA,HOSE,
FUCTVGF2,HOSE,Quỹ Thiên Việt 2
FUCTVGF3,HOSE,Quỹ Thiên Việt 3
FUCTVGF4,HOSE,Quỹ Thiên Việt 4
VFMVF4,HOSE,
FUCTVGF1,HOSE,Quỹ ĐTTT TVAM
MAFPF1,HOSE,
DAD,HNX,ĐTPT Giáo dục ĐN
VNC,HNX,TĐ Vinacontrol
DNP,HNX,Công ty DNP Holding
PMC,HNX,Dược Pharmedic
IPA,HNX,Tập đoàn I.P.A
CAN,HNX,Đồ hộp Hạ Long
NHC,HNX,Gạch ngói Nhị Hiệp
DPC,HNX,CTCP nhựa Đà Nẵng
RHC,HNX,
PTI,HNX,Bảo hiểm bưu điện
BCC,HNX,Xi măng Bỉm Sơn
HOM,HNX,Xi măng Hoàng Mai
NTP,HNX,Nhựa Tiền Phong
EBA,HNX,Điện Bắc Nà
HSC,HNX,
NBW,HNX,Cấp nc Nhà Bè
VTC,HNX,Viễn thông VTC
CIC,HNX,
GLT,HNX,KT điện Toàn cầu
HGM,HNX,K.sản Hà Giang
VE4,HNX,XD Điện VNECO 4
MAC,HNX,DV KT Hàng Hải
HST,HNX,Sách Hưng Yên
CKV,HNX,COKYVINA
HHL,HNX,
INN,HNX,Bao bì In N.nghiệp
ART,HNX,Chứng khoán BOS
SDU,HNX,Đô thị Sông Đà
KLF,HNX,Đ.tư T.mại XNH CFS
THS,HNX,Thanh Hoa Sông Đà
NFC,HNX,Phân lân Ninh Bình
VSM,HNX,Container M.Trung
LIG,HNX,CTCP Licogi 13
HTC,HNX,Thương mại Hóc Môn
CX8,HNX,X.lắp Contrexim 8
AME,HNX,Alphanam E&C
CTT,HNX,C.tạo máy VINACOMIN
TSM,HNX,Xi măng Tiên Sơn Hà Tây
PRC,HNX,CTCP Portserco
SMT,HNX,CTCP Sametel
TMB,HNX,Than miền Bắc
VLA,HNX,C.nghệ Văn Lang
VE2,HNX,XD Điện VNECO 2
WCS,HNX,Bến xe miền Tây
CAG,HNX,Cảng An Giang
TOT,HNX,TMS Logistics
L61,HNX,CTCP LILAMA 69-1
PEN,HNX,X.lắp 3 Petrolimex
CEO,HNX,Tập đoàn C.E.O
MEL,HNX,Thép Mê Lin
PSI,HNX,CK Dầu khí
MAX,HNX,
SEL,HNX,
OCH,HNX,Khách sạn và dịch vụ OCH
SMN,HNX,Sách T.bị M.Nam
FID,HNX,ĐTPT D.nghiệp VN
LM7,HNX,CTCP Lilama 7
CLH,HNX,Xi măng La Hiên
KHS,HNX,CTCP Kiên Hùng
KLS,HNX,
TAS,HNX,
MCL,HNX,
PV2,HNX,CTCP Đầu tư PV2
BSC,HNX,DV Bến Thành
KST,HNX,CTCP KASATI
DNM,HNX,Y tế Danameco
VC7,HNX,Công ty Cổ phần BGI
LUT,HNX,ĐT XD Lương Tài
VC6,HNX,Xây dựng Visicons
EVS,HNX,CK Everest
TTL,HNX,TCT Thăng Long
FDT,HNX,CTCP Fiditour
IVS,HNX,CK Đầu tư VN
HBE,HNX,T.bị trg học H.Tĩnh
CDN,HNX,Cảng Đà Nẵng
SGH,HNX,Khách sạn Sài Gòn
BPC,HNX,Bao bì Bỉm sơn
VTL,HNX,Vang Thăng Long
ALT,HNX,Văn hoá Tân Bình
THT,HNX,Than Hà Tu
TCS,HNX,Than Cao Sơn
TXM,HNX,Thạch cao Xi măng
TDN,HNX,Than Đèo Nai
TTT,HNX,T.mại Tây Ninh
GDW,HNX,Cấp nc Gia Định
VDL,HNX,Th.phẩm Lâm Đồng
THD,HNX,THAIHOLDINGS
SD9,HNX,CTCP Sông Đà 9
SDT,HNX,CTCP Sông Đà 10
PVC,HNX,Hóa chất & DV dầu khí
GMA,HNX,Enteco Việt Nam
DVG,HNX,Sơn Đại Việt
CJC,HNX,Cơ điện M.Trung
DHI,HNX,
PTS,HNX,V.tải Petro H.Phòng
SJE,HNX,CTCP Sông Đà 11
TPH,HNX,Sách giáo khoa HN
VMC,HNX,CTCP VIMECO
VTV,HNX,N.lượng & M.trg VICEM
VC1,HNX,CTCP xây dựng số 1
CMC,HNX,CTCP Đầu tư CMC
SD5,HNX,CTCP Sông Đà 5
STC,HNX,Sách T.bị HCM
TV3,HNX,Tư vấn XD điện 3
SD4,HNX,CTCP Sông Đà 4
DAE,HNX,Sách Giaó dục ĐN
MHL,HNX,Minh Hữu Liên
V12,HNX,Xây dựng số 12
TKC,HNX,Địa ốc Tân Kỷ
PSC,HNX,V.tải Petro SG
TIG,HNX,Đầu tư Thăng Long
PGT,HNX,PGT Holdings
SLS,HNX,Mía đường Sơn La
HMH,HNX,CTCP Hải Minh
AMV,HNX,T.bị y tế Việt Mỹ
BDB,HNX,Sách Bình Định
TTZ,HNX,C.nghệ Tiến Trung
MAS,HNX,DV sân bay Đà Nẵng
NDX,HNX,X.lắp Nhà Đà Nẵng
PGS,HNX,Kinh doanh khí Miền Nam
PIA,HNX,V.thông Petrolimex
LHC,HNX,Th.lợi Lâm Đồng
DP3,HNX,Dược phẩm TW 3
KBT,HNX,
BAX,HNX,CTCP Thống Nhất
KSD,HNX,Xuất khẩu Hamico
VCM,HNX,N.lực Vinaconex
C69,HNX,CTCP Xây dựng 1369
BCF,HNX,Thực phẩm Bích Chi
VMS,HNX,P.triển Hàng hải
VE3,HNX,XD Điện VNECO 3
HBS,HNX,CK Hòa Bình
LDP,HNX,Dược Lâm Đồng
CTX,HNX,Đ.tư XD T.mại VN
VCH,HNX,
CVN,HNX,CTCP VINAM
BII,HNX,Louis Land
CIA,HNX,DV S.bay Cam Ranh
AAV,HNX,AAV GROUP
MIM,HNX,K.sản & Cơ khí
DS3,HNX,Đường sông số 3
NET,HNX,CTCP Bột giặt Net
PBP,HNX,Bao bì Dầu khí VN
NIS,HNX,
IDC,HNX,TCT IDICO
TNG,HNX,Đầu tư và Thương mại TNG
ARM,HNX,XNK Hàng không
LCD,HNX,Thí nghiệm cơ điện
HCC,HNX,Bê tông Hòa Cẩm
TJC,HNX,DV V.tải & T.mại
VCS,HNX,CTCP VICOSTONE
VC3,HNX,TẬP ĐOÀN NAM MÊ KÔNG
HDA,HNX,Hãng sơn Đông Á
PMB,HNX,H.chất DK M.Bắc
KTS,HNX,CTCP Đường Kon Tum
PPS,HNX,KT Đ.lực DK VN
PCE,HNX,H.chất DK M.Trung
SVS,HNX,
TDT,HNX,Đ.tư P.triển TDT
MCF,HNX,Th.phẩm Mecofood
ATS,HNX,Suất ăn Atesco
VIF,HNX,TCT L.nghiệp VN
SPC,HNX,Bảo vệ thực vật SG
L14,HNX,CTCP Licogi 14
BAB,HNX,Ngân hàng Bắc Á
NVB,HNX,Ngân hàng Quốc Dân
HUT,HNX,CTCP TASCO
L18,HNX,Xây dựng số 18
APS,HNX,Chứng khoán APEC
SED,HNX,Giáo dục Phg Nam
HPS,HNX,
PJC,HNX,V.tải Petro HN
S64,HNX,
S91,HNX,
VC9,HNX,Xây dựng số 9
TMC,HNX,T.mại XNK Thủ Đức
AMC,HNX,K.sản Á Châu
PMS,HNX,Cơ khí Xăng dầu
MCC,HNX,Gạch ngói cao cấp
HBB,HNX,
SDG,HNX,SADICO Cần Thơ
PVS,HNX,DV KT D.khí VN
BTS,HNX,Xi măng Bút Sơn
PRE,HNX,TÁI BẢO HIỂM PVI
HMR,HNX,Công ty đá Hoàng Mai
GIC,HNX,Đầu tư dịch vụ và Phát triển Xanh
SZB,HNX,Sonadezi Long Bình
BVS,HNX,CK Bảo Việt
TKU,HNX,C.Nghiệp Tung Kuang
BNA,HNX,Đầu tư SX Bảo Ngọc
STP,HNX,CN T.mại Sông Đà
CTB,HNX,Bơm Hải Dương
TC6,HNX,Than Cọc Sáu
KMT,HNX,Kim khí Miền Trung
TKG,HNX,Sản xuất và thương mại Tùng Khánh
SCG,HNX,XÂY DỰNG SCG
LBE,HNX,Sách Long An
VTZ,HNX,Nhựa Việt Thành
KSF,HNX,KSF GROUP
DVM,HNX,Dược liệu Việt Nam
PCH,HNX,Nhựa Picomat
HTP,HNX,In SGK Hòa Phát
NLC,HNX,
VC2,HNX,Xây dựng VINA2
SAF,HNX,Th.phẩm SAFOCO
BXH,HNX,Bao bì Hải Phòng
NST,HNX,CTCP Ngân Sơn
VIG,HNX,Chứng khoán VICS
WSS,HNX,CK Phố Wall
SHN,HNX,ĐT Tổng hợp Hà Nội
VE8,HNX,XD Điện VNECO 8
SJ1,HNX,N.nghiệp Hùng Hậu
SPI,HNX,CTCP SPI
SGD,HNX,Sách Giáo dục HCM
SKS,HNX,
DTK,HNX,TCT Điện lực TKV
SSS,HNX,
DHP,HNX,Điện Cơ Hải Phòng
HKT,HNX,Đầu tư EGO Việt Nam
RCL,HNX,Địa ốc Chợ Lớn
PVL,HNX,ĐT Nhà đất Việt
PVB,HNX,Bọc Ống D.khí VN
TET,HNX,May mặc miền Bắc
PDB,HNX,Đầu tư Din Capital
BTW,HNX,Cấp nước Bến Thành
LCS,HNX,CTCP Licogi 166
PIC,HNX,Đầu tư Điện lực 3
PCT,HNX,V.tải khí H.chất VN
VCV,HNX,
VTH,HNX,Cáp Điện Việt Thái
TFC,HNX,CTCP Trang
NDN,HNX,ĐTPT Nhà Đà Nẵng
LAS,HNX,Supe Phốt phát LT
BAM,HNX,Khoáng sản Bắc Á
VTJ,HNX,Đầu tư Vinataba
HCT,HNX,Thương mai - Dịch vụ - Vận tải xi măng Hải Phòng
GBS,HNX,
MDC,HNX,Than Mông Dương
HLC,HNX,Than Hà Lầm
KTT,HNX,Điện Thiên Trường
HPR,HNX,
NRC,HNX,Tập đoàn Danh Khôi
TA9,HNX,X.lắp Thành An 96
HEV,HNX,Sách ĐH - Dạy nghề
CCR,HNX,Cảng Cam Ranh
DGL,HNX,Hóa Chất Đức Giang-Lào Cai
ADC,HNX,Mĩ thuật & Tr.thông
PCG,HNX,ĐTPT Gas Đô thị
KMF,HNX,
D11,HNX,CTCP Địa ốc 11
KDM,HNX,TỔNG CÔNG TY KHU DÂN MỚI
SRA,HNX,Sara Việt Nam
MST,HNX,Đầu tư MST
DDG,HNX,XNK Đông Dương
INC,HNX,Tư vấn Đ.tư IDICO
PPE,HNX,PP Enterprise
GMX,HNX,Gạch XD Mỹ Xuân
ITQ,HNX,TĐ Thiên Quang
CTV,HNX,
TVD,HNX,Than Vàng Danh
PSE,HNX,H.chất DK Đ.N.Bộ
BLF,HNX,Thủy sản Bạc Liêu
CTC,HNX,Công ty Hoàng Kim Tây Nguyên
SDS,HNX,
VHE,HNX,D.liệu và th.phẩm VN
TAR,HNX,NN C.nghệ Trung An
SHE,HNX,P.triển n.lượng Sơn Hà
QTC,HNX,C.trình GTVT Q.Nam
NTH,HNX,Thủy điện Nước trong
THB,HNX,Bia Thanh Hóa
TBX,HNX,Xi măng Thái Bình
SSM,HNX,C.tạo kết cấu thép
MKV,HNX,Dược thú y Cai Lậy
VGS,HNX,Ống thép Việt Đức
DHT,HNX,Dược phẩm Hà Tây
BST,HNX,Sách Bình Thuận
QST,HNX,Sách Quảng Ninh
VHL,HNX,Viglacera Hạ Long
AGC,HNX,
SEB,HNX,Đ.tư điện M.Trung
HVT,HNX,Hóa chất Việt Trì
ICG,HNX,Xây dựng sông Hồng
ECI,HNX,Tranh ảnh Giáo dục
DZM,HNX,Chế tạo máy Dzĩ An
PPP,HNX,Dược Phong Phú
SME,HNX,
SHS,HNX,Chứng khoán SG HN
DTC,HNX,Viglacera Đông Triều
BKC,HNX,K.sản Bắc Kạn
VNF,HNX,VINAFREIGHT
SDC,HNX,Tư vấn sông Đà
VGP,HNX,Cảng rau quả
EID,HNX,ĐTPT giáo dục HN
EBS,HNX,Sách Giáo Dục HN
NAG,HNX,Nagakawa Group
SD6,HNX,CTCP Sông Đà 6
API,HNX,ĐT Châu Á - TBD
VIT,HNX,Viglacera Tiên Sơn
AVS,HNX,
VNT,HNX,Vận Tải Ngoại Thương
HJS,HNX,Thủy điện Nậm Mu
MCO,HNX,CTCP MCO Việt Nam
S55,HNX,CTCP Sông Đà 505
CTM,HNX,
IDJ,HNX,Đầu tư IDJ Việt Nam
POT,HNX,Thiết bị Bưu Điện
S99,HNX,CTCP SCI
DC2,HNX,Xây dựng (DIC) 2
SNG,HNX,
BED,HNX,Sách T.bị Đà Nẵng
CSC,HNX,COTANA
DXP,HNX,Cảng Đoạn Xá
HHC,HNX,Bánh kẹo Hải Hà
VNR,HNX,Tái bảo hiểm VN
PVI,HNX,CTCP PVI
BBS,HNX,Bao bì Bút Sơn
MBS,HNX,Chứng khoán MB
GHA,HNX,
VSA,HNX,Đại lý Hàng hải VN
MSC,HNX,Dịch vụ Phú Nhuận
SDA,HNX,CTCP Simco Sông Đà
IDV,HNX,Hạ tầng Vĩnh Phúc
HAD,HNX,Bia HN Hải Dương
TMX,HNX,Vicem T.mại X.măng
THV,HNX,
TTC,HNX,Gạch Thanh Thanh
UNI,HNX,CTCP Viễn Liên
VCC,HNX,CTCP Vinaconex 25
SGC,HNX,XNK Sa Giang
PLC,HNX,Hóa dầu Petrolimex
SIC,HNX,CTCP ANI
MED,HNX,Dược TW MEDIPLANTEX
DHL,HNX,
NBC,HNX,Than Núi Béo
TLC,HNX,
CTP,HNX,CTCP Minh Khang
YSC,HNX,
DNC,HNX,Điện nước lắp máy Hải Phòng
SDN,HNX,CTCP Sơn Đồng Nai
SFN,HNX,Dệt lưới Sài Gòn
TTH,HNX,DV Tiến Thành
CPC,HNX,Sát trùng Cần Thơ
PHN,HNX,Pin Hà Nội
VBC,HNX,Nhựa - Bao bì Vinh
PVG,HNX,Kinh doanh LPG
HLD,HNX,BĐS HUDLAND
PSD,HNX,P.phối T.hợp D.khí
DL1,HNX,CTCP Alpha Seven
KSQ,HNX,CNC Capital VN
L35,HNX,Cơ khí Lilama
V21,HNX,CTCP Vinaconex 21
QHD,HNX,Que hàn Việt Đức
NBP,HNX,Nh.điện Ninh Bình
SCI,HNX,CTCP SCI E&C
NSN,HNX,
MIH,HNX,
CLM,HNX,XNK Than Vinacomin
GKM,HNX,Khang Minh Group
HHG,HNX,CTCP Hoàng Hà
CET,HNX,HTC HOLDING
PSW,HNX,Phân bón H.chất D.khí Tây Nam Bộ
NSH,HNX,Nhôm Sông Hồng
TVC,HNX,Tài sản Trí Việt
DST,HNX,ĐT Sao Thăng Long
HAT,HNX,Thương mại Bia HN
DTD,HNX,ĐTPT Thành Đạt
KVC,HNX,SX XNK INOX Kim vĩ
HTB,HNX,
PMP,HNX,Bao bì Đạm Phú Mỹ
CMS,HNX,CTCP CMVIETNAM
VKC,HNX,Nhựa Vĩnh Khánh
MNC,HNX,Mai Linh miền Trung
NAP,HNX,Cảng Nghệ Tĩnh
MBG,HNX,ĐTPT XD T.mại VN
PTD,HNX,T.mại Phúc Thịnh
TSB,HNX,Ắc quy Tia sáng
L40,HNX,
KSV,HNX,Khoáng sản TKV
PPY,HNX,Dầu khí Phú Yên
CAP,HNX,Lâm Nông Sản Y.Bái
NVC,HNX,
DIH,HNX,Xây dựng Hội An
GFC,HNX,
MVB,HNX,Mỏ Việt Bắc TKV
SVN,HNX,Tập đoàn Vexilla VN
X20,HNX,CTCP X20
L62,HNX,CTCP Lilama 69-2
L43,HNX,CTCP Lilama 45.3
ONE,HNX,Truyền thông số 1
PGN,HNX,CTCP Phụ Gia Nhựa
TV4,HNX,Xây dựng điện 4
KKC,HNX,CTCP Kim khí KKC
VE1,HNX,XD Điện VNECO 1
TPP,HNX,CTCP Tân Phú Việt Nam
LGL,HOSE,Đô thị Long Giang
TIC,HOSE,ĐT điện Tây Nguyên
HHS,HOSE,ĐT - DV Hoàng Huy
CTS,HOSE,CK Vietinbank
LAF,HOSE,C.biến XK Long An
BBC,HOSE,CTCP Bibica
HAS,HOSE,CTCP Hacisco
COM,HOSE,Vật Tư - Xăng Dầu
SAM,HOSE,CTCP SAM HOLDINGS
SAV,HOSE,XNK SAVIMEX
BSI,HOSE,Chứng khoán BIDV
PNC,HOSE,Văn hoá Phương Nam
HDB,HOSE,HDBank
DIG,HOSE,TCT ĐTPT Xây dựng
KHP,HOSE,Điện lực Khánh Hòa
SMC,HOSE,Đ.tư T.mại SMC
FPC,HOSE,
TYA,HOSE,Dây Cáp Taya VN
VTO,HOSE,V.tải X.dầu VITACO
TBC,HOSE,Th.điện Thác Bà
STB,HOSE,Sacombank
ACB,HOSE,Ngân hàng Á Châu
PAC,HOSE,Pin miền Nam
VNM,HOSE,VINAMILK
VDP,HOSE,Dược phẩm Vidipha
TCB,HOSE,Techcombank
TDH,HOSE,Nhà Thủ Đức
VIB,HOSE,VIB Bank
PNJ,HOSE,Vàng Phú Nhuận
EIB,HOSE,Eximbank
DRL,HOSE,Th.Điện - Đ.lực 3
DHM,HOSE,P.triển Dương Hiếu
MCP,HOSE,Bao bì Mỹ Châu
PJT,HOSE,V.tải Đg Thủy Petro
DVD,HOSE,
TCR,HOSE,Gốm sứ Taicera
VTB,HOSE,Viettronics Tân Bình
CLP,HOSE,
LPB,HOSE,LienVietPostBank
TLH,HOSE,Thép Tiến Lên
CMG,HOSE,T.đoàn C.nghệ CMC
FBT,HOSE,
VNL,HOSE,LOGISTICS VINALINK
GTA,HOSE,Gỗ Thuận An
TLG,HOSE,Thiên Long Group
PVT,HOSE,TCT V.tải dầu khí
TVT,HOSE,TCT Việt Thắng
BCG,HOSE,Bamboo Capital
FCM,HOSE,K.sản FECON
VCI,HOSE,CK Bản Việt
AGR,HOSE,Chứng khoán Agribank
LHG,HOSE,CTCP Long Hậu
DRH,HOSE,CTCP DRH Holdings
OGC,HOSE,Tập đoàn Đại Dương
POM,HOSE,Thép Pomina
SZC,HOSE,Sonadezi Châu Đức
LEC,HOSE,BĐS Điện lực miền Trung
MIG,HOSE,Bảo Hiểm Quân Đội
SBV,HOSE,Siam Brothers VN
SPM,HOSE,CTCP S.P.M
HU1,HOSE,ĐT Xây dựng HUD1
TNT,HOSE,Công ty cổ phần tập đoàn TNT
NHA,HOSE,Đô thị Nam Hà Nội
CVT,HOSE,CTCP CMC
SGR,HOSE,Địa Ốc Sài Gòn
EVG,HOSE,Tập đoàn Everland
PVP,HOSE,V.tải D.khí TBD
TSC,HOSE,N.nghiệp Cần Thơ
TTF,HOSE,Gỗ Trường Thành
VPG,HOSE,XNK Việt Phát
HAH,HOSE,Vận tải Hải An
VND,HOSE,VNDIRECT
VTF,HOSE,
TLD,HOSE,Đô thị Thăng Long
VRE,HOSE,Vincom Retail
ASG,HOSE,Tập đoàn ASG
DGW,HOSE,CTCP Thế giới Số
AST,HOSE,DV Hg không Taseco
VSC,HOSE,Container Việt Nam
HTN,HOSE,Hưng Thịnh Incons
NKG,HOSE,Thép Nam Kim
VCF,HOSE,Vinacafé Biên Hòa
KPF,HOSE,T.chính Hoàng Minh
NHH,HOSE,Nhựa Hà Nội
CCL,HOSE,Đô thị DK Cửu Lg
ORS,HOSE,CK Tiên Phong
GEX,HOSE,Tập đoàn Gelex
YEG,HOSE,Tập đoàn Yeah1
HPX,HOSE,Đầu tư Hải Phát
SGT,HOSE,Viễn thông SG
FLC,HOSE,Tập đoàn FLC
DXV,HOSE,VLXD Đà Nẵng
DBC,HOSE,Tập đoàn Dabaco VN
S4A,HOSE,Th.điện Sê San 4A
TN1,HOSE,TMDV TNS HOLDINGS
SFC,HOSE,Nhiên Liệu SG
DHA,HOSE,CTCP Hoá An
REE,HOSE,CTCP Cơ điện lạnh
NKD,HOSE,
DXS,HOSE,CTCP Dịch vụ Bất động sản Đất Xanh
ABS,HOSE,Nông nghiệp Bình Thuận
PPC,HOSE,Nh.điện Phả Lại
TAC,HOSE,Dầu Tường An
NLG,HOSE,Đầu tư Nam Long
FMC,HOSE,Thực phẩm Sao Ta
BMI,HOSE,Bảo Minh
PGI,HOSE,Bảo hiểm Petro
ABT,HOSE,Thủy sản Bến Tre
GIL,HOSE,XNK Bình Thạnh
SCD,HOSE,Nc g.khát Ch.Dương
ICT,HOSE,Tin học Bưu điện
FPT,HOSE,CTCP FPT
CAV,HOSE,Dây cáp điện VN
DHG,HOSE,Dược Hậu Giang
OPC,HOSE,Dược phẩm OPC
CLC,HOSE,CTCP Cát Lợi
PTC,HOSE,Công ty Cổ phần ICAPITAL
VCG,HOSE,XNK & Xây dựng VN
ADG,HOSE,CTCP Clever Group
PIT,HOSE,XNK Petrolimex
NHS,HOSE,
PSH,HOSE,Dầu khí Nam Sông Hậu
SVD,HOSE,Đầu tư và Thương mại Vũ Đăng
TTA,HOSE,Đầu tư Xây dựng và Phát triển Trường Thành
TRC,HOSE,Cao su Tây Ninh
BRC,HOSE,Cao su Bến Thành
DPR,HOSE,Cao su Đồng Phú
TRA,HOSE,CTCP Traphaco
GMH,HOSE,CTCP Minh Hưng Quảng Trị
HAI,HOSE,Nông dược H.A.I
BAF,HOSE,Nông nghiệp BAF
NO1,HOSE,
DPG,HOSE,Công ty Đạt Phương
SAB,HOSE,SABECO
MSN,HOSE,MASAN Group
TCO,HOSE,V.tải Duyên Hải
DCL,HOSE,Dược phẩm Cửu Long
BMC,HOSE,K.sản Bình Định
GAS,HOSE,TCT Khí Việt Nam
DVP,HOSE,Cảng Đình Vũ
ADS,HOSE,CTCP Damsan
VFG,HOSE,Khử trùng Việt Nam
VNG,HOSE,D.lịch T.Thành Công
TPB,HOSE,Ng.hàng Tiên Phong
VIX,HOSE,CHỨNG KHOÁN VIX
SHI,HOSE,Quốc tế Sơn Hà
KSS,HOSE,Khoáng sản Na Rì Hamico
SEC,HOSE,
IBC,HOSE,ĐT APAX HOLDINGS
TMT,HOSE,CTCP Ô tô TMT
NT2,HOSE,Nhơn Trạch 2
PC1,HOSE,Tập đoàn PC1
NHW,HOSE,
TVB,HOSE,CK Trí Việt
SHA,HOSE,Sơn Hà Sài Gòn
TIP,HOSE,KCN Tín Nghĩa
PGV,HOSE,Phát điện 3
CTI,HOSE,Cường Thuận IDICO
NVN,HOSE,
SCS,HOSE,DV Hàng hóa SG
DPM,HOSE,Đạm Phú Mỹ
HNG,HOSE,Nông nghiệp HAGL
CTD,HOSE,Xây dựng Coteccons
SBC,HOSE,
DTL,HOSE,CTCP Đại Thiên Lộc
TDG,HOSE,Dầu khí Thái Dương
BCE,HOSE,XD & GT Bình Dg
DGC,HOSE,Hóa chất Đức Giang
VRC,HOSE,BĐS & Đ.tư VRC
APH,HOSE,An Phát Holdings
AMD,HOSE,Đầu tư K.sản FLC
LCG,HOSE,CTCP LICOGI 16
PLP,HOSE,Nhựa Pha Lê
QBS,HOSE,XNK Quảng Bình
NCT,HOSE,Hàng hóa Nội Bài
DAT,HOSE,P.triển Thủy sản
PTL,HOSE,CTCP Victory Capital
PGD,HOSE,P.phối khí thấp áp
DBT,HOSE,Dược phẩm Bến Tre
CMV,HOSE,Th.Nghiệp Cà Mau
HUB,HOSE,X.lắp Thừa Thiên Huế
VPI,HOSE,Đầu tư Văn Phú
DCC,HOSE,
BFC,HOSE,Phân bón Bình Điền
NTL,HOSE,PT đô thị Từ Liêm
KBC,HOSE,Đô thị Kinh Bắc
HSL,HOSE,Thực phẩm Hồng Hà
SGN,HOSE,Phục vụ Mặt đất SG
TGG,HOSE,CTCP Louis Capital
TDM,HOSE,Nước Thủ Dầu Một
JVC,HOSE,T.bị Y tế Việt Nhật
VPL,HOSE,
PTB,HOSE,CTCP Phú Tài
VSI,HOSE,Đ.tư XD C.thoát nc
TNI,HOSE,Tập đoàn Thành Nam
CIG,HOSE,CTCP COMA18
DQC,HOSE,Đèn Điện Quang
THG,HOSE,ĐT XD Tiền Giang
FRT,HOSE,Bán lẻ KTS FPT
BCM,HOSE,TCT ĐTPT C.Nghiệp
HID,HOSE,Halcom Việt Nam
MBB,HOSE,Ngân hàng Quân đội
BHN,HOSE,TCT Bia Hà Nội
HVH,HOSE,Đ.tư và C.nghệ HVC
CSG,HOSE,
VNS,HOSE,Ánh Dương Việt Nam
APG,HOSE,Chứng khoán APG
BHS,HOSE,Đường TTC Biên Hòa - Đồng Nai
DTT,HOSE,Kỹ nghệ Đô Thành
GSP,HOSE,V.tải SP khí Q.Tế
MSB,HOSE,Ngân hàng MSB
CII,HOSE,H.tầng KT HCM
HCM,HOSE,Chứng khoán HSC
HPG,HOSE,Hòa Phát
NAV,HOSE,CTCP Nam Việt
CTG,HOSE,Vietinbank
BID,HOSE,Ngân hàng BIDV
CMX,HOSE,Camimex Group
TRI,HOSE,
PVF,HOSE,
VIP,HOSE,V.tải X.dầu VIPCO
SSB,HOSE,Ngân hàng TMCP Đông Nam Á
SVC,HOSE,DV tổng hợp SG
SSC,HOSE,Giống cây miền Nam
VCB,HOSE,Vietcombank
IMP,HOSE,Dược Imexpharm
DMC,HOSE,XNK Y tế Domesco
STG,HOSE,Kho vận miền Nam
UDC,HOSE,Đô thị Bà Rịa VT
TDW,HOSE,Cấp nc Thủ Đức
TIX,HOSE,Đầu tư Tân Bình
CLW,HOSE,Cấp nc Chợ Lớn
TCM,HOSE,May Thành Công
KSB,HOSE,K.sản Bình Dương
AGG,HOSE,Bất động sản An Gia
HOT,HOSE,Du lịch DV Hội An
PET,HOSE,DV Tổng hợp D.khí
VPS,HOSE,Thuốc sát trùng VN
HMC,HOSE,Kim khí HCM
D2D,HOSE,Đô thị C.nghiệp 2
TNH,HOSE,Bệnh viện Quốc tế Thái Nguyên
BKG,HOSE,CTCP Đầu tư BKG
KHG,HOSE,Tập đoàn Khải Hoàn Land
NSC,HOSE,Giống cây trồng TW
MCV,HOSE,
TCT,HOSE,Cáp treo Tây Ninh
VNE,HOSE,Xây dựng điện VN
VJC,HOSE,VIETJETAIR
SII,HOSE,Hạ tầng Nước SG
PHC,HOSE,Phục Hưng Holdings
GDT,HOSE,Gỗ Đức Thành
HCD,HOSE,Đ.tư SX T.mại HCD
LIX,HOSE,CTCP Bột giặt Lix
HBC,HOSE,Xây dựng Hòa Bình
DXG,HOSE,Dat Xanh Group
FCN,HOSE,CTCP FECON
EMC,HOSE,Cơ Điện Thủ Đức
FDC,HOSE,P.triển Đ.tư HCM
POW,HOSE,PVPOWER
KDH,HOSE,Nhà Khang Điền
BTP,HOSE,Nh.điện Bà Rịa
DLG,HOSE,Đức Long Gia Lai
CLL,HOSE,Cảng Cát Lái
DAG,HOSE,TĐ Nhựa Đông Á
BTT,HOSE,Thương mại DV Bến Thành
IJC,HOSE,P.triển H.tầng KT
TMP,HOSE,Th.điện Thác Mơ
VIC,HOSE,Tập đoàn VINGROUP
THI,HOSE,CTCP Thiết bị điện
STK,HOSE,CTCP Sợi thế kỷ
CEE,HOSE,XD Hạ tầng CII
AAA,HOSE,Nhựa An Phát Xanh
DTA,HOSE,CTCP Đệ Tam
SJF,HOSE,ĐT Sao Thái Dương
TCD,HOSE,Đ.tư CN & Vận tải
PDR,HOSE,Công ty Phát Đạt
CKG,HOSE,Xây dựng Kiên Giang
DBD,HOSE,Dược Bidiphar
CRC,HOSE,Create Capital VN
CTR,HOSE,Công trình Viettel
VAF,HOSE,Phân lân Văn Điển
SC5,HOSE,CTCP Xây dựng số 5
SMB,HOSE,Bia SG Miền Trung
TVS,HOSE,CK Thiên Việt
UIC,HOSE,Nhà & Đ.thị IDICO
DCM,HOSE,Đạm Cà Mau
KOS,HOSE,CTCP Kosy
SMA,HOSE,T.bị phụ tùng SG
TPC,HOSE,Nhựa Tân Đại Hưng
ELC,HOSE,C.nghệ Đ.tử V.thông
FIT,HOSE,Tập đoàn F.I.T
NBB,HOSE,Đầu tư Năm Bảy Bảy
SRF,HOSE,CTCP Searefico
GVR,HOSE,Cao su Việt Nam
LDG,HOSE,CTCP Đầu tư LDG
PMG,HOSE,Petro Miền Trung
ALP,HOSE,
ST8,HOSE,CTCP Siêu Thanh
HTI,HOSE,ĐTPT Hạ tầng IDICO
HTL,HOSE,Ô tô Trường Long
HHV,HOSE,Hạ tầng giao thông Đèo Cả
MDG,HOSE,CTCP Miền Đông
TEG,HOSE,Năng lượng và Bất động sản Trường Thành
VCA,HOSE,Thép VICASA
HU3,HOSE,ĐT Xây dựng HUD3
C47,HOSE,CTCP Xây dựng 47
FTS,HOSE,Chứng khoán FPT
BGM,HOSE,Khoáng sản Bắc Giang
HHP,HOSE,Giấy Hoàng Hà HP
IDI,HOSE,ĐTPT Đa Q.gia IDI
SCR,HOSE,Địa ốc Sacomreal
SBT,HOSE,Thành Thành Công - Biên Hòa
SVT,HOSE,SG Viễn Đông
VGC,HOSE,TCT Viglacera
SZL,HOSE,Sonadezi Long Thành
ITC,HOSE,Đ.tư K.doanh nhà
QCG,HOSE,Quốc Cường Gia Lai
BAS,HOSE,
HSG,HOSE,Tập đoàn Hoa Sen
PME,HOSE,CTCP Pymepharco
ACC,HOSE,Bình Dương ACC
BCI,HOSE,Đầu tư XD Bình Chánh
EVF,HOSE,Tài chính Điện lực
SRC,HOSE,Cao su Sao Vàng
SHP,HOSE,Th.điện Miền Nam
VDS,HOSE,CK Rồng Việt
DHC,HOSE,Đông Hải Bến Tre
VPH,HOSE,CTCP Vạn Phát Hưng
PHT,HOSE,
CNG,HOSE,CTCP CNG Việt Nam
AAM,HOSE,Thủy sản Mekong
GMC,HOSE,Garmex Sài Gòn
LBM,HOSE,VLXD Lâm Đồng
VIS,HOSE,Thép Việt Ý
AAT,HOSE,Tiên Sơn Thanh Hóa
TV2,HOSE,Tư vấn XD điện 2
PAN,HOSE,CTCP Tập đoàn PAN
MCG,HOSE,Năng lượng và BĐS MCG
TNC,HOSE,Cao su Thống Nhất
KDC,HOSE,Tập đoàn Kido
MHC,HOSE,CTCP MHC
GEG,HOSE,CTCP Điện Gia Lai
RDP,HOSE,Rạng Đông Holding
VOS,HOSE,Vận tải biển VN
HVX,HOSE,Xi măng Hải Vân
SJS,HOSE,KCN Sông Đà
PVD,HOSE,DV khoan D.khí
BMP,HOSE,Nhựa Bình Minh
RAL,HOSE,Phích Rạng Đông
LSS,HOSE,Mía đường Lam Sơn
TMS,HOSE,CTCP TRANSIMEX
GMD,HOSE,CTCP Gemadept
HTV,HOSE,Logistics Vicem
HT1,HOSE,Xi măng VICEM Hà Tiên
SHB,HOSE,Ngân hàng SG HN
VID,HOSE,T.mại Viễn Đông
HAX,HOSE,DV Ô tô Hàng Xanh
HRC,HOSE,Cao su Hòa Bình
PLX,HOSE,Xăng dầu Việt Nam
HAP,HOSE,Tập đoàn HAPACO
TNA,HOSE,XNK Thiên Nam
BVH,HOSE,Tập đoàn Bảo Việt
CSM,HOSE,Cao su Miền Nam
VSH,HOSE,Th.điện V.Sơn SH
PGC,HOSE,TCT Gas Petrolimex
OCB,HOSE,Ngân hàng Phương Đông
HT2,HOSE,
SSI,HOSE,Chứng khoán SSI
GAB,HOSE,Kh.khoáng & QLTS FLC
ACG,HOSE,Công ty gỗ An Cường
HVN,HOSE,Vietnam Airlines
ITA,HOSE,Đ.tư & CN Tân Tạo
SVI,HOSE,Bao bì Biên Hòa
VPB,HOSE,Ng.hàng Thịnh Vượng
ITD,HOSE,C.nghệ Tiên Phong
DRC,HOSE,Cao Su Đà Nẵng
LGC,HOSE,Cầu đường CII
ROS,HOSE,Xây dựng FLC Faros
SFI,HOSE,Đại lý V.tải SAFI
TCL,HOSE,Vận tải Tân Cảng
TCH,HOSE,T.chính Hoàng Huy
SJD,HOSE,Th.Điện Cần Đơn
TDC,HOSE,KD P.triển Bình Dg
DAH,HOSE,Khách Sạn Đông Á
AGD,HOSE,
APC,HOSE,Chiếu xạ An Phú
HDG,HOSE,Tập đoàn Hà Đô
HAR,HOSE,BĐS An Dương Thảo Điền
PHR,HOSE,Cao su Phước Hòa
CCI,HOSE,Thương mại Củ Chi
ACL,HOSE,XNK Thủy sản Cửu Long An Giang
CHP,HOSE,Th.điện M.Trung
ANV,HOSE,Amicogen Nam Việt
SKG,HOSE,Superdong Kiên Giang
NVT,HOSE,BĐS Ninh Vân Bay
SBA,HOSE,CTCP Sông Ba
MWG,HOSE,Thế Giới Di Động
ABR,HOSE,ĐT Nhãn Hiệu Việt
NNC,HOSE,CTCP Đá Núi Nhỏ
CTF,HOSE,CTCP City Auto
KSA,HOSE,Khoáng Sản Bình Thuận
L10,HOSE,CTCP LILAMA 10
NHT,HOSE,SX & T.mại Nam Hoa
GTN,HOSE,GTN FOODS
SFG,HOSE,phân bón Miền Nam
HII,HOSE,An Tiến Industries
BIC,HOSE,Bảo hiểm BIDV
HDC,HOSE,Nhà Bà Rịa VT
AGM,HOSE,CTCP XNK An Giang
C32,HOSE,CTCP CIC30
CDC,HOSE,CTCP Chương Dương
TTB,HOSE,Tập đoàn Tiến Bộ
VMD,HOSE,Y Dược Vimedimex
CSV,HOSE,Hóa chất Miền Nam
DSN,HOSE,CVN Đầm Sen
HQC,HOSE,Địa ốc Hoàng Quân
ASM,HOSE,Tập đoàn Sao Mai
LM8,HOSE,CTCP Lilama 18
EVE,HOSE,CTCP Everpia
NAF,HOSE,CTCP Nafoods Group
KMR,HOSE,CTCP Mirae
VHC,HOSE,CTCP Vĩnh Hoàn
CRE,HOSE,"CENLAND.,JSC"
VHM,HOSE,VINHOMES
VPD,HOSE,Điện Lực Việt Nam
BWE,HOSE,M.trường Bình Dg
YBM,HOSE,K.sản CN Yên Bái
PDN,HOSE,Cảng Đồng Nai
ASP,HOSE,Dầu khí An Pha
FIR,HOSE,Địa ốc First Real
TDP,HOSE,CTCP Thuận Đức
TTE,HOSE,N.lg Trường Thịnh
ILB,HOSE,ICD Tân Cảng- Long Bình
NVL,HOSE,Địa ốc Novaland
MSH,HOSE,May Sông Hồng
DC4,HOSE,Xây dựng DIC Holdings
HAG,HOSE,Hoàng Anh Gia Lai
